1;2023-04-24;pWpfeqxgrd;562.5390220898544
2;2023-04-24;EXXcuVvpwn;584.5940932179437
3;2023-04-24;kCunGHuHfd;860.4855645433174
4;2023-04-24;ogPHFqHymR;280.5326876123288
5;2023-04-24;boIeMKadyd;232.1458127286231
6;2023-04-24;LBrMNMWfBo;596.8732243912057
7;2023-04-24;IyVzANiXYZ;479.0932852340068
8;2023-04-24;JMXLLPoNiB;815.9431982601902
9;2023-04-24;LbpSohyhrq;828.8358881637058
10;2023-04-24;knktfGoQIz;598.9880472025293
11;2023-04-24;TWfgLNFKkd;904.5280277324465
12;2023-04-24;YKcRTMwnlV;308.5671461852012
13;2023-04-24;RNIMfiRQYW;758.046775255094
14;2023-04-24;IGBWYVBsdA;981.7905224108781
15;2023-04-24;EvzzrregSO;516.8006467784614
16;2023-04-24;ovWVrvkdgj;774.8733443051042
17;2023-04-24;zirrmafXQJ;864.5561365590291
18;2023-04-24;NTNxxChthb;453.6004394534289
19;2023-04-24;ALWOgVALID;733.7087027759327
20;2023-04-24;UFrFivqkpn;681.3771346283545
21;2023-04-24;rPhuJIPNgv;376.6147646286299
22;2023-04-24;UlHUGfKBYk;534.1085309039512
23;2023-04-24;iFUQNjcqzo;121.20784456305394
24;2023-04-24;JeWclMxqnP;249.97181827918737
25;2023-04-24;pKOWVIVvSU;552.9953610319716
26;2023-04-24;jADUlIngSR;196.6474202800795
27;2023-04-24;BWqOdKLHEe;823.5141104756227
28;2023-04-24;UbrXTXrCmO;416.8603545377923
29;2023-04-24;XexSMoyqkd;869.5435027398341
30;2023-04-24;KSUEhvzfcv;821.5114748316266
31;2023-04-24;QYfBIAlIvJ;458.89682516769534
32;2023-04-24;yXJTYJEHsS;466.237331724452
33;2023-04-24;OuAjLHTazR;461.534579926736
34;2023-04-24;cujrFzjVmR;303.62797147664
35;2023-04-24;QvFjurTECh;524.0436567563695
36;2023-04-24;FNGRPBmrXK;218.53253307005696
37;2023-04-24;gCZTfmHMYT;530.0474114096611
38;2023-04-24;HwnbkiiMLx;472.60483188974047
39;2023-04-24;pzOEFIwOOS;166.2185774069802
40;2023-04-24;EIXiiPnWdx;914.8244850576752
41;2023-04-24;BdiPwBOzwE;844.2490168295202
42;2023-04-24;oMZYHtfgph;218.2229821170622
43;2023-04-24;uShgJfYpXw;119.52610064195879
44;2023-04-24;qQAyFUvABd;392.2765176589483
45;2023-04-24;XfemibMeeg;811.6495960474722
46;2023-04-24;ZKeEZUAvXi;443.33134755234335
47;2023-04-24;UYtRHQsADV;488.44565977969717
48;2023-04-24;ZAYafbtmDT;237.56339024325104
49;2023-04-24;CvGruFsIFt;942.2576904427199
50;2023-04-24;rpfmkLpqaP;161.90807818616304
