<?xml version="1.0" encoding="UTF-8" standalone="yes"?>
<catalogoFacturas>
    <catalogo>
        <facura>
            <codigoUnico>1</codigoUnico>
            <fechaEmision>2023-04-24</fechaEmision>
            <descripcion>pWpfeqxgrd</descripcion>
            <totalImporteFactura>562.5390220898544</totalImporteFactura>
            <ale/>
        </facura>
        <facura>
            <codigoUnico>2</codigoUnico>
            <fechaEmision>2023-04-24</fechaEmision>
            <descripcion>EXXcuVvpwn</descripcion>
            <totalImporteFactura>584.5940932179437</totalImporteFactura>
            <ale/>
        </facura>
        <facura>
            <codigoUnico>3</codigoUnico>
            <fechaEmision>2023-04-24</fechaEmision>
            <descripcion>kCunGHuHfd</descripcion>
            <totalImporteFactura>860.4855645433174</totalImporteFactura>
            <ale/>
        </facura>
        <facura>
            <codigoUnico>4</codigoUnico>
            <fechaEmision>2023-04-24</fechaEmision>
            <descripcion>ogPHFqHymR</descripcion>
            <totalImporteFactura>280.5326876123288</totalImporteFactura>
            <ale/>
        </facura>
        <facura>
            <codigoUnico>5</codigoUnico>
            <fechaEmision>2023-04-24</fechaEmision>
            <descripcion>boIeMKadyd</descripcion>
            <totalImporteFactura>232.1458127286231</totalImporteFactura>
            <ale/>
        </facura>
        <facura>
            <codigoUnico>6</codigoUnico>
            <fechaEmision>2023-04-24</fechaEmision>
            <descripcion>LBrMNMWfBo</descripcion>
            <totalImporteFactura>596.8732243912057</totalImporteFactura>
            <ale/>
        </facura>
        <facura>
            <codigoUnico>7</codigoUnico>
            <fechaEmision>2023-04-24</fechaEmision>
            <descripcion>IyVzANiXYZ</descripcion>
            <totalImporteFactura>479.0932852340068</totalImporteFactura>
            <ale/>
        </facura>
        <facura>
            <codigoUnico>8</codigoUnico>
            <fechaEmision>2023-04-24</fechaEmision>
            <descripcion>JMXLLPoNiB</descripcion>
            <totalImporteFactura>815.9431982601902</totalImporteFactura>
            <ale/>
        </facura>
        <facura>
            <codigoUnico>9</codigoUnico>
            <fechaEmision>2023-04-24</fechaEmision>
            <descripcion>LbpSohyhrq</descripcion>
            <totalImporteFactura>828.8358881637058</totalImporteFactura>
            <ale/>
        </facura>
        <facura>
            <codigoUnico>10</codigoUnico>
            <fechaEmision>2023-04-24</fechaEmision>
            <descripcion>knktfGoQIz</descripcion>
            <totalImporteFactura>598.9880472025293</totalImporteFactura>
            <ale/>
        </facura>
        <facura>
            <codigoUnico>11</codigoUnico>
            <fechaEmision>2023-04-24</fechaEmision>
            <descripcion>TWfgLNFKkd</descripcion>
            <totalImporteFactura>904.5280277324465</totalImporteFactura>
            <ale/>
        </facura>
        <facura>
            <codigoUnico>12</codigoUnico>
            <fechaEmision>2023-04-24</fechaEmision>
            <descripcion>YKcRTMwnlV</descripcion>
            <totalImporteFactura>308.5671461852012</totalImporteFactura>
            <ale/>
        </facura>
        <facura>
            <codigoUnico>13</codigoUnico>
            <fechaEmision>2023-04-24</fechaEmision>
            <descripcion>RNIMfiRQYW</descripcion>
            <totalImporteFactura>758.046775255094</totalImporteFactura>
            <ale/>
        </facura>
        <facura>
            <codigoUnico>14</codigoUnico>
            <fechaEmision>2023-04-24</fechaEmision>
            <descripcion>IGBWYVBsdA</descripcion>
            <totalImporteFactura>981.7905224108781</totalImporteFactura>
            <ale/>
        </facura>
        <facura>
            <codigoUnico>15</codigoUnico>
            <fechaEmision>2023-04-24</fechaEmision>
            <descripcion>EvzzrregSO</descripcion>
            <totalImporteFactura>516.8006467784614</totalImporteFactura>
            <ale/>
        </facura>
        <facura>
            <codigoUnico>16</codigoUnico>
            <fechaEmision>2023-04-24</fechaEmision>
            <descripcion>ovWVrvkdgj</descripcion>
            <totalImporteFactura>774.8733443051042</totalImporteFactura>
            <ale/>
        </facura>
        <facura>
            <codigoUnico>17</codigoUnico>
            <fechaEmision>2023-04-24</fechaEmision>
            <descripcion>zirrmafXQJ</descripcion>
            <totalImporteFactura>864.5561365590291</totalImporteFactura>
            <ale/>
        </facura>
        <facura>
            <codigoUnico>18</codigoUnico>
            <fechaEmision>2023-04-24</fechaEmision>
            <descripcion>NTNxxChthb</descripcion>
            <totalImporteFactura>453.6004394534289</totalImporteFactura>
            <ale/>
        </facura>
        <facura>
            <codigoUnico>19</codigoUnico>
            <fechaEmision>2023-04-24</fechaEmision>
            <descripcion>ALWOgVALID</descripcion>
            <totalImporteFactura>733.7087027759327</totalImporteFactura>
            <ale/>
        </facura>
        <facura>
            <codigoUnico>20</codigoUnico>
            <fechaEmision>2023-04-24</fechaEmision>
            <descripcion>UFrFivqkpn</descripcion>
            <totalImporteFactura>681.3771346283545</totalImporteFactura>
            <ale/>
        </facura>
        <facura>
            <codigoUnico>21</codigoUnico>
            <fechaEmision>2023-04-24</fechaEmision>
            <descripcion>rPhuJIPNgv</descripcion>
            <totalImporteFactura>376.6147646286299</totalImporteFactura>
            <ale/>
        </facura>
        <facura>
            <codigoUnico>22</codigoUnico>
            <fechaEmision>2023-04-24</fechaEmision>
            <descripcion>UlHUGfKBYk</descripcion>
            <totalImporteFactura>534.1085309039512</totalImporteFactura>
            <ale/>
        </facura>
        <facura>
            <codigoUnico>23</codigoUnico>
            <fechaEmision>2023-04-24</fechaEmision>
            <descripcion>iFUQNjcqzo</descripcion>
            <totalImporteFactura>121.20784456305394</totalImporteFactura>
            <ale/>
        </facura>
        <facura>
            <codigoUnico>24</codigoUnico>
            <fechaEmision>2023-04-24</fechaEmision>
            <descripcion>JeWclMxqnP</descripcion>
            <totalImporteFactura>249.97181827918737</totalImporteFactura>
            <ale/>
        </facura>
        <facura>
            <codigoUnico>25</codigoUnico>
            <fechaEmision>2023-04-24</fechaEmision>
            <descripcion>pKOWVIVvSU</descripcion>
            <totalImporteFactura>552.9953610319716</totalImporteFactura>
            <ale/>
        </facura>
        <facura>
            <codigoUnico>26</codigoUnico>
            <fechaEmision>2023-04-24</fechaEmision>
            <descripcion>jADUlIngSR</descripcion>
            <totalImporteFactura>196.6474202800795</totalImporteFactura>
            <ale/>
        </facura>
        <facura>
            <codigoUnico>27</codigoUnico>
            <fechaEmision>2023-04-24</fechaEmision>
            <descripcion>BWqOdKLHEe</descripcion>
            <totalImporteFactura>823.5141104756227</totalImporteFactura>
            <ale/>
        </facura>
        <facura>
            <codigoUnico>28</codigoUnico>
            <fechaEmision>2023-04-24</fechaEmision>
            <descripcion>UbrXTXrCmO</descripcion>
            <totalImporteFactura>416.8603545377923</totalImporteFactura>
            <ale/>
        </facura>
        <facura>
            <codigoUnico>29</codigoUnico>
            <fechaEmision>2023-04-24</fechaEmision>
            <descripcion>XexSMoyqkd</descripcion>
            <totalImporteFactura>869.5435027398341</totalImporteFactura>
            <ale/>
        </facura>
        <facura>
            <codigoUnico>30</codigoUnico>
            <fechaEmision>2023-04-24</fechaEmision>
            <descripcion>KSUEhvzfcv</descripcion>
            <totalImporteFactura>821.5114748316266</totalImporteFactura>
            <ale/>
        </facura>
        <facura>
            <codigoUnico>31</codigoUnico>
            <fechaEmision>2023-04-24</fechaEmision>
            <descripcion>QYfBIAlIvJ</descripcion>
            <totalImporteFactura>458.89682516769534</totalImporteFactura>
            <ale/>
        </facura>
        <facura>
            <codigoUnico>32</codigoUnico>
            <fechaEmision>2023-04-24</fechaEmision>
            <descripcion>yXJTYJEHsS</descripcion>
            <totalImporteFactura>466.237331724452</totalImporteFactura>
            <ale/>
        </facura>
        <facura>
            <codigoUnico>33</codigoUnico>
            <fechaEmision>2023-04-24</fechaEmision>
            <descripcion>OuAjLHTazR</descripcion>
            <totalImporteFactura>461.534579926736</totalImporteFactura>
            <ale/>
        </facura>
        <facura>
            <codigoUnico>34</codigoUnico>
            <fechaEmision>2023-04-24</fechaEmision>
            <descripcion>cujrFzjVmR</descripcion>
            <totalImporteFactura>303.62797147664</totalImporteFactura>
            <ale/>
        </facura>
        <facura>
            <codigoUnico>35</codigoUnico>
            <fechaEmision>2023-04-24</fechaEmision>
            <descripcion>QvFjurTECh</descripcion>
            <totalImporteFactura>524.0436567563695</totalImporteFactura>
            <ale/>
        </facura>
        <facura>
            <codigoUnico>36</codigoUnico>
            <fechaEmision>2023-04-24</fechaEmision>
            <descripcion>FNGRPBmrXK</descripcion>
            <totalImporteFactura>218.53253307005696</totalImporteFactura>
            <ale/>
        </facura>
        <facura>
            <codigoUnico>37</codigoUnico>
            <fechaEmision>2023-04-24</fechaEmision>
            <descripcion>gCZTfmHMYT</descripcion>
            <totalImporteFactura>530.0474114096611</totalImporteFactura>
            <ale/>
        </facura>
        <facura>
            <codigoUnico>38</codigoUnico>
            <fechaEmision>2023-04-24</fechaEmision>
            <descripcion>HwnbkiiMLx</descripcion>
            <totalImporteFactura>472.60483188974047</totalImporteFactura>
            <ale/>
        </facura>
        <facura>
            <codigoUnico>39</codigoUnico>
            <fechaEmision>2023-04-24</fechaEmision>
            <descripcion>pzOEFIwOOS</descripcion>
            <totalImporteFactura>166.2185774069802</totalImporteFactura>
            <ale/>
        </facura>
        <facura>
            <codigoUnico>40</codigoUnico>
            <fechaEmision>2023-04-24</fechaEmision>
            <descripcion>EIXiiPnWdx</descripcion>
            <totalImporteFactura>914.8244850576752</totalImporteFactura>
            <ale/>
        </facura>
        <facura>
            <codigoUnico>41</codigoUnico>
            <fechaEmision>2023-04-24</fechaEmision>
            <descripcion>BdiPwBOzwE</descripcion>
            <totalImporteFactura>844.2490168295202</totalImporteFactura>
            <ale/>
        </facura>
        <facura>
            <codigoUnico>42</codigoUnico>
            <fechaEmision>2023-04-24</fechaEmision>
            <descripcion>oMZYHtfgph</descripcion>
            <totalImporteFactura>218.2229821170622</totalImporteFactura>
            <ale/>
        </facura>
        <facura>
            <codigoUnico>43</codigoUnico>
            <fechaEmision>2023-04-24</fechaEmision>
            <descripcion>uShgJfYpXw</descripcion>
            <totalImporteFactura>119.52610064195879</totalImporteFactura>
            <ale/>
        </facura>
        <facura>
            <codigoUnico>44</codigoUnico>
            <fechaEmision>2023-04-24</fechaEmision>
            <descripcion>qQAyFUvABd</descripcion>
            <totalImporteFactura>392.2765176589483</totalImporteFactura>
            <ale/>
        </facura>
        <facura>
            <codigoUnico>45</codigoUnico>
            <fechaEmision>2023-04-24</fechaEmision>
            <descripcion>XfemibMeeg</descripcion>
            <totalImporteFactura>811.6495960474722</totalImporteFactura>
            <ale/>
        </facura>
        <facura>
            <codigoUnico>46</codigoUnico>
            <fechaEmision>2023-04-24</fechaEmision>
            <descripcion>ZKeEZUAvXi</descripcion>
            <totalImporteFactura>443.33134755234335</totalImporteFactura>
            <ale/>
        </facura>
        <facura>
            <codigoUnico>47</codigoUnico>
            <fechaEmision>2023-04-24</fechaEmision>
            <descripcion>UYtRHQsADV</descripcion>
            <totalImporteFactura>488.44565977969717</totalImporteFactura>
            <ale/>
        </facura>
        <facura>
            <codigoUnico>48</codigoUnico>
            <fechaEmision>2023-04-24</fechaEmision>
            <descripcion>ZAYafbtmDT</descripcion>
            <totalImporteFactura>237.56339024325104</totalImporteFactura>
            <ale/>
        </facura>
        <facura>
            <codigoUnico>49</codigoUnico>
            <fechaEmision>2023-04-24</fechaEmision>
            <descripcion>CvGruFsIFt</descripcion>
            <totalImporteFactura>942.2576904427199</totalImporteFactura>
            <ale/>
        </facura>
        <facura>
            <codigoUnico>50</codigoUnico>
            <fechaEmision>2023-04-24</fechaEmision>
            <descripcion>rpfmkLpqaP</descripcion>
            <totalImporteFactura>161.90807818616304</totalImporteFactura>
            <ale/>
        </facura>
    </catalogo>
    <descripcion>Lista Facturas</descripcion>
</catalogoFacturas>
